{
  "Component-preload.js": 1752958669182,
  "Component.js": 1752155293180,
  "controller/Main.controller.js": 1752958376559,
  "controller/Detail.controller.js": 1752956662071,
  "controller/App.controller.js": 1752155293180,
  "manifest.json": 1752958641681,
  "model/models.js": 1752155293184,
  "controller/Detail-dbg.controller.js": 1752956662071,
  "controller/Detail.controller.js.map": 1752958669035,
  "controller/Main-dbg.controller.js": 1752958376559,
  "controller/Main.controller.js.map": 1752958669068,
  "Component-dbg.js": 1752155293180,
  "Component.js.map": 1752958669024,
  "controller/App-dbg.controller.js": 1752155293180,
  "controller/App.controller.js.map": 1752958669022,
  "model/models-dbg.js": 1752155293184,
  "model/models.js.map": 1752958669025,
  "i18n/i18n.properties": 1752155293180,
  "Component-preload.js.map": 1752958669182,
  "view/fragment/ValueHelpDialogCustomer.fragment.xml": 1752917201098,
  "view/fragment/ValueHelpDialogAgency.fragment.xml": 1752915739856,
  "view/fragment/EditForm.fragment.xml": 1752955853326,
  "view/fragment/DisplayForm.fragment.xml": 1752954088887,
  "view/Main.view.xml": 1752958410295,
  "view/Detail.view.xml": 1752956609627,
  "view/App.view.xml": 1752155293184,
  "css/style.css": 1752155293180,
  "index.html": 1752155293180
}